<?xml version="1.0" encoding="UTF-8"?>
<!DOCTYPE components PUBLIC "-//AJAX4JSF//CDK Generator config/EN"  "http://labs.jboss.com/jbossrichfaces/component-config.dtd">

<components>
	<component>
		<name>org.mycompany.InputDate</name>
		<family>org.mycompany.InputDate</family>
		<classname>org.mycompany.component.html.HtmlInputDate</classname>
		<superclass>org.mycompany.component.UIInputDate</superclass>
		<description>
			<![CDATA[
    ]]>
		</description>
		<renderer generate="true" override="true">
			<name>org.mycompany.InputDateRenderer</name>
			<template>org/mycompany/htmlInputDate.jspx</template>
		</renderer>
		<tag>
			<name>inputDate</name>
			<classname>org.mycompany.taglib.InputDateTag</classname>
			<superclass>
				org.ajax4jsf.webapp.taglib.HtmlComponentTagBase
			</superclass>
		</tag>
		<!--
		<taghandler>
			<classname>org.ajax4jsf.tag.TestHandler</classname>
		</taghandler>
		-->
		&ui_component_attributes;
		<!--
		<property>
			<name>param</name>
			<classname>java.lang.String</classname>
			<description>
			</description>
			<defaultvalue>"default"</defaultvalue>
		</property>
        -->
	</component>
</components>
