<?xml version="1.0" encoding="UTF-8"?>
<!DOCTYPE components PUBLIC "-//AJAX4JSF//CDK Generator config/EN"  "http://labs.jboss.com/jbossrichfaces/component-config.dtd">

<components>
	<component>
		<name>org.mycompany.InputDate</name>
		<family>org.mycompany.InputDate</family>
		<classname>org.mycompany.component.html.HtmlInputDate</classname>
		<superclass>org.mycompany.component.UIInputDate</superclass>
		<description>
			<![CDATA[
    ]]>
		</description>
		<renderer generate="true" override="true">
			<name>org.mycompany.InputDateRenderer</name>
			<template>org/mycompany/htmlInputDate.jspx</template>
		</renderer>
		<tag>
			<name>inputDate</name>
			<classname>org.mycompany.taglib.InputDateTag</classname>
			<superclass>
				org.ajax4jsf.webapp.taglib.HtmlComponentTagBase
			</superclass>
		</tag>

		&ui_component_attributes;
		&html_events;
		&ui_input_attributes;
  		
  		<property>
			<name>value</name>
			<classname>java.lang.Object</classname>
			<description>
				The value of the component
			</description>
		</property>
		<property>
			<name>name</name>
			<classname>java.lang.String</classname>
			<description>
				Defines a name of the component
			</description>
		</property>
		<property>
			<name>title</name>
			<classname>java.lang.String</classname>
			<description>
				Defines a title of the component
			</description>
			<defaultvalue>&quot;inputDate&quot;</defaultvalue>
		</property>
		<property>
			<name>styleClass</name>
			<classname>java.lang.String</classname>
			<description>
				Corresponds to the HTML class attribute
			</description>
		</property>
		<property>
			<name>inputStyle</name>
			<classname>java.lang.String</classname>
			<description>
				Style attribute for input field
			</description>
		</property>
		<property>
			<name>inputClass</name>
			<classname>java.lang.String</classname>
			<description>
				Style Class attribute for the input field
			</description>
		</property>
		<property>
			<name>iconClass</name>
			<classname>java.lang.String</classname>
			<description>
				Style Class attribute for the icon element
			</description>
		</property>
		<property>
			<name>iconStyle</name>
			<classname>java.lang.String</classname>
			<description>
				Style attribute for the icon element
			</description>
		</property>
		<property>
			<name>captionClass</name>
			<classname>java.lang.String</classname>
			<description>
				Style Class attribute for the Caption facet
			</description>
		</property>
	</component>
</components>